{
	"Common" : {
		"nexacrohandle" : "0x00030136",
		"resourcepath" : "C:\\EduPack\\workspace\\edupack_egov\\src\\main\\edupack_nexacro\\nexacrolib\\_windows_",
		"bootstrapjson" : "http://localhost:8088/edupack_egov/edupack_nexacro//start.json",
		"programname" : "edupack_nexacro",
		"applicationkey" : "edupack_nexacro",
		"installlocation" : "TOBESOFT\\Nexacro N\\21\\edupack_nexacro\\",
		"externalsetupresource" : "false",
		"installmode" : "Default",
		"autoupdate" : "Auto",
		"shortcutinstalltype" : "userselect",
		"updatebrowser" : "true"
	},
	"Windows_x86" : {
		"outputpath" : "C:\\EduPack\\workspace\\edupack_egov\\src\\main\\edupack_nexacro\\nexacrolib\\_windows_\\EduNexacroN_SetupRuntime_x86.exe",
		"setupversion" : "21.0.0.1100",
		"enginesetupkey" : "05B0E4B2-C781-41C2-8F9A-96FAF86090F9",
		"originalfile" : "C:\\Program Files (x86)\\TOBESOFT\\Nexacro N\\SDK\\21.0.0\\SetupRuntime\\NexacroN_SetupRuntime_x86.exe"
	},
	"Windows_x64" : {
		"outputpath" : "C:\\EduPack\\workspace\\edupack_egov\\src\\main\\edupack_nexacro\\nexacrolib\\_windows_\\EduNexacroN_SetupRuntime_x64.exe",
		"setupversion" : "21.0.0.1100",
		"enginesetupkey" : "CB5F4CC9-D12B-47B5-8E8F-5DD7680A5D76",
		"originalfile" : "C:\\Program Files (x86)\\TOBESOFT\\Nexacro N\\SDK\\21.0.0\\SetupRuntime\\NexacroN_SetupRuntime_x64.exe"
	}
}